"age_group","gender"
"20to29","women"
"20to29","women"
"20to29","women"
"20to29","women"
"20to29","women"
"20to29","women"
"20to29","women"
"20to29","women"
"20to29","women"
"20to29","women"
"20to29","women"
"20to29","women"
"20to29","women"
"20to29","women"
"20to29","women"
"20to29","women"
"20to29","women"
"20to29","women"
"20to29","women"
"20to29","women"
"20to29","women"
"20to29","women"
"20to29","women"
"20to29","women"
"20to29","women"
"20to29","women"
"20to29","women"
"20to29","women"
"20to29","women"
"20to29","women"
"20to29","women"
"20to29","women"
"20to29","women"
"20to29","women"
"20to29","women"
"20to29","women"
"20to29","women"
"20to29","women"
"20to29","women"
"20to29","women"
"20to29","women"
"20to29","women"
"20to29","women"
"20to29","women"
"20to29","women"
"20to29","women"
"20to29","men"
"20to29","men"
"20to29","men"
"20to29","men"
"20to29","men"
"20to29","men"
"20to29","men"
"20to29","men"
"20to29","men"
"20to29","men"
"20to29","men"
"20to29","men"
"20to29","men"
"20to29","men"
"20to29","men"
"20to29","men"
"20to29","men"
"20to29","men"
"20to29","men"
"20to29","men"
"20to29","men"
"20to29","men"
"20to29","men"
"20to29","men"
"20to29","men"
"20to29","men"
"20to29","men"
"20to29","men"
"20to29","men"
"20to29","men"
"20to29","men"
"20to29","men"
"20to29","men"
"20to29","men"
"20to29","men"
"20to29","men"
"20to29","men"
"20to29","men"
"20to29","men"
"20to29","men"
"20to29","men"
"20to29","men"
"20to29","men"
"20to29","men"
"20to29","men"
"20to29","men"
"20to29","men"
"20to29","men"
"20to29","men"
"20to29","men"
"20to29","men"
"20to29","men"
"20to29","men"
"30to39","women"
"30to39","women"
"30to39","women"
"30to39","women"
"30to39","women"
"30to39","women"
"30to39","women"
"30to39","women"
"30to39","women"
"30to39","women"
"30to39","women"
"30to39","women"
"30to39","women"
"30to39","women"
"30to39","women"
"30to39","women"
"30to39","women"
"30to39","women"
"30to39","women"
"30to39","women"
"30to39","women"
"30to39","women"
"30to39","women"
"30to39","women"
"30to39","women"
"30to39","women"
"30to39","women"
"30to39","women"
"30to39","women"
"30to39","women"
"30to39","women"
"30to39","women"
"30to39","women"
"30to39","women"
"30to39","women"
"30to39","women"
"30to39","women"
"30to39","women"
"30to39","women"
"30to39","women"
"30to39","men"
"30to39","men"
"30to39","men"
"30to39","men"
"30to39","men"
"30to39","men"
"30to39","men"
"30to39","men"
"30to39","men"
"30to39","men"
"30to39","men"
"30to39","men"
"30to39","men"
"30to39","men"
"30to39","men"
"30to39","men"
"30to39","men"
"30to39","men"
"30to39","men"
"30to39","men"
"30to39","men"
"30to39","men"
"30to39","men"
"40to49","women"
"40to49","women"
"40to49","women"
"40to49","women"
"40to49","women"
"40to49","women"
"40to49","women"
"40to49","women"
"40to49","women"
"40to49","women"
"40to49","women"
"40to49","women"
"40to49","women"
"40to49","women"
"40to49","women"
"40to49","women"
"40to49","women"
"40to49","women"
"40to49","women"
"40to49","women"
"40to49","women"
"40to49","men"
"40to49","men"
"40to49","men"
"40to49","men"
"40to49","men"
"40to49","men"
"40to49","men"
"40to49","men"
"40to49","men"
"50to59","women"
"50to59","women"
"50to59","women"
"50to59","women"
"50to59","women"
"50to59","women"
"50to59","women"
"50to59","women"
"50to59","women"
"50to59","women"
"50to59","women"
"50to59","women"
"50to59","men"
"50to59","men"
"50to59","men"
